ENTIDAD,MUN,LOC,AGEB,CVEGEO,POBTOT,log_POBTOT
31,001,0001,0107,3100100010107,843,2.926342446625655
31,001,0001,0111,3100100010111,1118,3.04883008652835
31,001,0001,0126,3100100010126,21,1.3424226808222062
31,001,0001,0130,3100100010130,8,0.9542425094393249
31,001,0001,0145,3100100010145,18,1.2787536009528289
31,001,0001,015A,310010001015A,8,0.9542425094393249
31,001,0001,0164,3100100010164,4,0.6989700043360189
31,001,0001,0179,3100100010179,19,1.3010299956639813
31,001,0007,0018,3100100070018,1336,3.1261314072619846
31,001,0007,0022,3100100070022,1272,3.1048284036536553
31,002,0001,0034,3100200010034,4873,3.6878855248487055
31,002,0001,0072,3100200010072,394,2.59659709562646
31,002,0001,0087,3100200010087,2846,3.454387467146955
31,002,0001,0091,3100200010091,3804,3.5803546611065915
31,003,0001,0046,3100300010046,1411,3.149834696715785
31,003,0001,0065,3100300010065,2007,3.3027637084729817
31,003,0001,007A,310030001007A,230,2.3636119798921444
31,003,0001,0084,3100300010084,177,2.250420002308894
31,003,0001,0101,3100300010101,77,1.8920946026904804
31,003,0001,0116,3100300010116,677,2.8312296938670634
31,003,0001,0120,3100300010120,61,1.792391689498254
31,003,0001,0135,3100300010135,1337,3.1264561134318045
31,003,0001,014A,310030001014A,1923,3.284205067701794
31,003,0001,0154,3100300010154,1874,3.2730012720637376
31,003,0001,0169,3100300010169,1547,3.189770956346874
31,003,0001,0173,3100300010173,336,2.5276299008713385
31,003,0001,0188,3100300010188,95,1.9822712330395684
31,003,0001,0192,3100300010192,88,1.9493900066449128
31,003,0001,0205,3100300010205,76,1.8864907251724818
31,003,0001,021A,310030001021A,25,1.414973347970818
31,003,0001,0224,3100300010224,17,1.255272505103306
31,003,0001,0239,3100300010239,64,1.8129133566428555
31,004,0001,0043,3100400010043,1224,3.0881360887005513
31,004,0001,0058,3100400010058,2117,3.325925955771466
31,004,0001,0062,3100400010062,1593,3.2024883170600935
31,004,0001,0077,3100400010077,28,1.462397997898956
31,004,0001,0081,3100400010081,35,1.5563025007672873
31,005,0001,0021,3100500010021,756,2.8790958795000727
31,005,0001,0036,3100500010036,1323,3.121887985103681
31,005,0001,0055,3100500010055,88,1.9493900066449128
31,006,0001,0118,3100600010118,1491,3.17376882313665
31,006,0001,0160,3100600010160,975,2.9894498176666917
31,006,0001,0175,3100600010175,568,2.7551122663950713
31,006,0001,018A,310060001018A,1279,3.1072099696478683
31,006,0001,0207,3100600010207,1002,3.0013009330204183
31,006,0001,0211,3100600010211,1125,3.0515383905153275
31,006,0001,0226,3100600010226,1022,3.00987563371216
31,006,0001,0230,3100600010230,511,2.709269960975831
31,007,0001,0064,3100700010064,1456,3.16345955176999
31,007,0001,0079,3100700010079,1879,3.27415784926368
31,007,0001,0083,3100700010083,1569,3.1958996524092336
31,007,0001,0098,3100700010098,2298,3.361538971269279
31,007,0001,0100,3100700010100,258,2.413299764081252
31,008,0001,0080,3100800010080,920,2.964259630196849
31,008,0001,0108,3100800010108,933,2.9703468762300935
31,008,0001,0112,3100800010112,720,2.857935264719429
31,008,0001,0127,3100800010127,11,1.0791812460476249
31,009,0001,004A,310090001004A,2005,3.302330928684399
31,009,0001,0054,3100900010054,1953,3.2909245593827543
31,009,0001,0073,3100900010073,38,1.591064607026499
31,009,0001,0088,3100900010088,69,1.845098040014257
31,010,0001,006A,310100001006A,992,2.996949248495381
31,010,0001,0074,3101000010074,800,2.9036325160842376
31,010,0001,0110,3101000010110,109,2.041392685158225
31,010,0001,0125,3101000010125,5,0.7781512503836436
31,010,0001,013A,310100001013A,7,0.9030899869919435
31,010,0001,0144,3101000010144,0,0.0
31,011,0001,0067,3101100010067,1988,3.2986347831244354
31,011,0001,0071,3101100010071,3429,3.5352941200427703
31,011,0001,0086,3101100010086,2020,3.305566313515304
31,011,0001,0160,3101100010160,254,2.406540180433955
31,011,0001,0175,3101100010175,402,2.6053050461411096
31,011,0001,018A,310110001018A,95,1.9822712330395684
31,011,0001,0194,3101100010194,32,1.5185139398778875
31,011,0001,0207,3101100010207,66,1.8260748027008264
31,011,0001,0211,3101100010211,80,1.9084850188786497
31,012,0001,0153,3101200010153,482,2.683947130751512
31,012,0001,0168,3101200010168,449,2.6532125137753435
31,012,0001,0172,3101200010172,351,2.546542663478131
31,012,0001,0187,3101200010187,391,2.593286067020457
31,012,0001,0191,3101200010191,425,2.629409599102719
31,012,0001,0204,3101200010204,623,2.795184589682424
31,012,0001,0219,3101200010219,494,2.694605198933569
31,012,0001,0223,3101200010223,9,1.0
31,012,0001,0238,3101200010238,27,1.4471580313422192
31,012,0001,0242,3101200010242,0,0.0
31,012,0001,0257,3101200010257,12,1.1139433523068367
31,012,0001,0276,3101200010276,8,0.9542425094393249
31,012,0001,0280,3101200010280,4,0.6989700043360189
31,012,0001,0295,3101200010295,15,1.2041199826559248
31,012,0001,0308,3101200010308,32,1.5185139398778875
31,012,0001,0312,3101200010312,0,0.0
31,012,0001,0327,3101200010327,6,0.8450980400142568
31,013,0001,0061,3101300010061,1894,3.2776092143040914
31,013,0001,0076,3101300010076,3098,3.491221576239283
31,013,0001,0080,3101300010080,1805,3.256717745977487
31,013,0001,0095,3101300010095,2192,3.341038631677523
31,013,0001,0108,3101300010108,171,2.2355284469075487
31,013,0001,0112,3101300010112,379,2.57978359661681
31,013,0001,0127,3101300010127,26,1.4313637641589874
31,013,0001,0131,3101300010131,2234,3.3492775274679554
31,013,0001,0146,3101300010146,184,2.2671717284030137
31,013,0001,0150,3101300010150,1164,3.0663259253620376
31,013,0001,0165,3101300010165,46,1.6720978579357175
31,013,0001,017A,310130001017A,75,1.8808135922807914
31,013,0001,0184,3101300010184,676,2.8305886686851442
31,014,0001,0020,3101400010020,1411,3.149834696715785
31,014,0001,004A,310140001004A,33,1.5314789170422551
31,015,0001,0032,3101500010032,2036,3.3089910290001643
31,015,0001,0047,3101500010047,2172,3.3370597263205246
31,016,0001,0025,3101600010025,1546,3.1894903136993675
31,016,0001,003A,310160001003A,1131,3.0538464268522527
31,016,0001,0059,3101600010059,116,2.0681858617461617
31,016,0001,0063,3101600010063,46,1.6720978579357175
31,016,0001,0078,3101600010078,21,1.3424226808222062
31,017,0001,0056,3101700010056,760,2.8813846567705728
31,017,0001,0107,3101700010107,12,1.1139433523068367
31,018,0001,0034,3101800010034,942,2.9745116927373285
31,018,0001,0049,3101800010049,1428,3.1550322287909704
31,019,0001,0173,3101900010173,4392,3.6427612032653203
31,019,0001,0188,3101900010188,4200,3.623352681537992
31,019,0001,0296,3101900010296,1700,3.230704313612569
31,019,0001,0309,3101900010309,939,2.9731278535996988
31,019,0001,0313,3101900010313,2098,3.3220124385824006
31,019,0001,0328,3101900010328,1436,3.157456768134226
31,019,0001,0332,3101900010332,1956,3.2915908256580013
31,019,0001,0440,3101900010440,145,2.164352855784437
31,019,0001,0455,3101900010455,79,1.9030899869919435
31,019,0001,0489,3101900010489,23,1.380211241711606
31,019,0001,0493,3101900010493,85,1.9344984512435677
31,019,0001,0506,3101900010506,37,1.5797835966168101
31,019,0001,053A,310190001053A,88,1.9493900066449128
31,019,0001,0544,3101900010544,35,1.5563025007672873
31,019,0001,0559,3101900010559,94,1.9777236052888478
31,019,0001,0578,3101900010578,58,1.7708520116421442
31,019,0001,0582,3101900010582,98,1.99563519459755
31,019,0001,0597,3101900010597,0,0.0
31,019,0001,0614,3101900010614,39,1.6020599913279623
31,019,0062,0012,3101900620012,779,2.8920946026904804
31,019,0062,0031,3101900620031,824,2.916453948549925
31,019,0062,0046,3101900620046,1028,3.012415374762433
31,019,0063,039A,310190063039A,2269,3.3560258571931225
31,019,0063,0402,3101900630402,1586,3.2005769267548483
31,019,0063,0417,3101900630417,1212,3.083860800866573
31,019,0063,0421,3101900630421,155,2.1931245983544616
31,019,0063,0436,3101900630436,135,2.1335389083702174
31,019,0063,046A,310190063046A,24,1.3979400086720377
31,019,0063,0474,3101900630474,96,1.9867717342662448
31,019,0063,0510,3101900630510,37,1.5797835966168101
31,019,0063,0525,3101900630525,3,0.6020599913279624
31,019,0063,0563,3101900630563,12,1.1139433523068367
31,019,0063,060A,310190063060A,1,0.3010299956639812
31,020,0001,0102,3102000010102,2589,3.413299764081252
31,020,0001,0117,3102000010117,1642,3.215637563435062
31,020,0001,0121,3102000010121,80,1.9084850188786497
31,020,0001,0136,3102000010136,20,1.3222192947339193
31,020,0001,0140,3102000010140,132,2.123851640967086
31,021,0001,0097,3102100010097,3591,3.5553363279952666
31,021,0001,010A,310210001010A,2949,3.469822015978163
31,022,0001,0037,3102200010037,1667,3.22219604630172
31,022,0001,0041,3102200010041,1352,3.131297796597623
31,023,0001,0072,3102300010072,1316,3.119585774961784
31,023,0001,0087,3102300010087,1622,3.210318519826232
31,023,0001,0091,3102300010091,1854,3.268343913951065
31,023,0001,0104,3102300010104,55,1.7481880270062005
31,024,0001,0027,3102400010027,1640,3.215108581053093
31,024,0001,0031,3102400010031,1368,3.13640344813399
31,024,0001,0050,3102400010050,203,2.3096301674258988
31,024,0001,0065,3102400010065,22,1.3617278360175928
31,024,0001,007A,310240001007A,4,0.6989700043360189
31,025,0001,0058,3102500010058,1417,3.151676230847048
31,025,0001,0062,3102500010062,750,2.8756399370041685
31,025,0001,0077,3102500010077,1655,3.219060332448861
31,025,0001,0081,3102500010081,1749,3.2430380486862944
31,025,0001,0096,3102500010096,161,2.2095150145426308
31,025,0001,0109,3102500010109,137,2.1398790864012365
31,025,0001,0113,3102500010113,53,1.7323937598229686
31,025,0001,0128,3102500010128,28,1.462397997898956
31,025,0001,0132,3102500010132,32,1.5185139398778875
31,025,0001,0147,3102500010147,0,0.0
31,025,0001,0151,3102500010151,19,1.3010299956639813
31,026,0001,0040,3102600010040,1573,3.1970047280230456
31,026,0001,0055,3102600010055,1775,3.249442961442582
31,026,0001,0089,3102600010089,28,1.462397997898956
31,026,0001,0093,3102600010093,7,0.9030899869919435
31,026,0001,0106,3102600010106,84,1.9294189257142926
31,027,0001,0014,3102700010014,2687,3.429429264381788
31,027,0001,0029,3102700010029,2800,3.4473131088235682
31,027,0001,0071,3102700010071,1885,3.2755416884013098
31,027,0001,0090,3102700010090,17,1.255272505103306
31,027,0001,0103,3102700010103,128,2.110589710299249
31,027,0001,0118,3102700010118,13,1.146128035678238
31,028,0001,0045,3102800010045,1731,3.2385478876813276
31,028,0001,005A,310280001005A,724,2.8603380065709936
31,029,0001,0127,3102900010127,1780,3.2506639194632436
31,029,0001,0131,3102900010131,1358,3.1332194567324945
31,029,0001,0146,3102900010146,1209,3.0827853703164503
31,029,0001,0150,3102900010150,1532,3.185542154854375
31,029,0001,0165,3102900010165,4,0.6989700043360189
31,029,0001,017A,310290001017A,38,1.591064607026499
31,029,0001,0184,3102900010184,113,2.0569048513364727
31,029,0001,0199,3102900010199,6,0.8450980400142568
31,029,0001,0201,3102900010201,0,0.0
31,029,0001,0216,3102900010216,52,1.724275869600789
31,029,0001,0220,3102900010220,13,1.146128035678238
31,029,0001,0235,3102900010235,16,1.2304489213782739
31,029,0001,024A,310290001024A,48,1.6901960800285136
31,030,0001,0109,3103000010109,581,2.7649229846498886
31,030,0001,0113,3103000010113,768,2.885926339801431
31,030,0001,0128,3103000010128,583,2.7664128471123997
31,030,0001,0132,3103000010132,73,1.8692317197309762
31,030,0001,0147,3103000010147,5,0.7781512503836436
31,030,0001,0151,3103000010151,14,1.1760912590556813
31,030,0001,0166,3103000010166,709,2.8512583487190755
31,030,0001,0170,3103000010170,471,2.673941998634088
31,031,0001,0040,3103100010040,1027,3.011993114659257
31,031,0001,0055,3103100010055,1325,3.1225435240687545
31,032,0001,0090,3103200010090,2896,3.461948495203762
31,032,0001,0118,3103200010118,2162,3.3350565194390915
31,032,0001,0194,3103200010194,1436,3.157456768134226
31,032,0001,0211,3103200010211,990,2.9960736544852753
31,032,0001,0226,3103200010226,1605,3.205745540942662
31,032,0001,0230,3103200010230,1473,3.1684974835230326
31,032,0001,0245,3103200010245,1398,3.1458177144918276
31,032,0001,025A,310320001025A,72,1.863322860120456
31,032,0001,0264,3103200010264,27,1.4471580313422192
31,032,0001,0279,3103200010279,143,2.1583624920952498
31,032,0001,0283,3103200010283,80,1.9084850188786497
31,032,0001,0298,3103200010298,38,1.591064607026499
31,033,0001,0115,3103300010115,696,2.8432327780980096
31,033,0001,0149,3103300010149,2590,3.413467412985825
31,033,0001,0153,3103300010153,2734,3.4369573306694496
31,033,0001,0168,3103300010168,1887,3.27600198996205
31,033,0001,0172,3103300010172,2208,3.344195715871435
31,033,0001,0204,3103300010204,14,1.1760912590556813
31,033,0001,0238,3103300010238,54,1.7403626894942439
31,033,0002,0219,3103300020219,1767,3.2474822606770544
31,033,0002,0223,3103300020223,1914,3.2821687783046416
31,033,0002,0242,3103300020242,4,0.6989700043360189
31,034,0001,0061,3103400010061,1563,3.1942367487238292
31,034,0001,0076,3103400010076,2295,3.3609718837259357
31,034,0001,0080,3103400010080,324,2.5118833609788744
31,034,0001,0095,3103400010095,119,2.0791812460476247
31,034,0001,0108,3103400010108,83,1.9242792860618816
31,034,0001,0112,3103400010112,13,1.146128035678238
31,035,0001,0054,3103500010054,2194,3.34143452457814
31,035,0001,0073,3103500010073,73,1.8692317197309762
31,035,0001,0088,3103500010088,1840,3.2650537885040145
31,035,0001,0092,3103500010092,928,2.968015713993642
31,035,0001,0105,3103500010105,67,1.8325089127062364
31,035,0001,011A,310350001011A,29,1.4771212547196624
31,035,0001,0124,3103500010124,20,1.3222192947339193
31,036,0001,0085,3103600010085,106,2.0293837776852097
31,036,0001,009A,310360001009A,1761,3.246005904076029
31,036,0001,0102,3103600010102,1632,3.212986184736668
31,036,0001,0117,3103600010117,15,1.2041199826559248
31,036,0001,0121,3103600010121,1321,3.1212314551496214
31,036,0001,0136,3103600010136,1868,3.271609301378832
31,036,0001,0140,3103600010140,0,0.0
31,036,0001,0155,3103600010155,107,2.03342375548695
31,037,0001,0078,3103700010078,784,2.8948696567452528
31,037,0001,0082,3103700010082,752,2.8767949762007006
31,037,0001,0097,3103700010097,1025,3.0111473607757975
31,037,0001,010A,310370001010A,1128,3.052693941924968
31,037,0001,0114,3103700010114,1224,3.0881360887005513
31,037,0001,0129,3103700010129,72,1.863322860120456
31,037,0001,0133,3103700010133,48,1.6901960800285136
31,037,0001,0148,3103700010148,68,1.8388490907372552
31,037,0001,0152,3103700010152,35,1.5563025007672873
31,037,0001,0167,3103700010167,16,1.2304489213782739
31,037,0001,0171,3103700010171,21,1.3424226808222062
31,037,0001,0186,3103700010186,9,1.0
31,037,0001,0190,3103700010190,7,0.9030899869919435
31,037,0001,0203,3103700010203,5,0.7781512503836436
31,038,0001,008A,310380001008A,3864,3.5871494982543437
31,038,0001,0094,3103800010094,3664,3.564073978977147
31,038,0001,0107,3103800010107,2798,3.4470028984661623
31,038,0001,0111,3103800010111,3248,3.511749711344983
31,038,0001,022A,310380001022A,3551,3.5504729571065634
31,038,0001,0234,3103800010234,2560,3.40840957846843
31,038,0001,0249,3103800010249,2456,3.390405156480081
31,038,0001,0253,3103800010253,2025,3.3066394410242617
31,038,0001,0268,3103800010268,644,2.8095597146352675
31,038,0001,0272,3103800010272,1652,3.2182728535714475
31,038,0001,0287,3103800010287,1625,3.2111205412580492
31,038,0001,0357,3103800010357,36,1.568201724066995
31,038,0001,0361,3103800010361,89,1.954242509439325
31,038,0001,0376,3103800010376,38,1.591064607026499
31,038,0001,0408,3103800010408,12,1.1139433523068367
31,038,0001,0427,3103800010427,137,2.1398790864012365
31,038,0001,0431,3103800010431,4,0.6989700043360189
31,038,0001,0450,3103800010450,9,1.0
31,038,0005,0380,3103800050380,1553,3.1914510144648953
31,038,0005,0395,3103800050395,2067,3.315550534421905
31,038,0005,0412,3103800050412,80,1.9084850188786497
31,038,0005,0446,3103800050446,95,1.9822712330395684
31,038,0005,0465,3103800050465,17,1.255272505103306
31,039,0001,0034,3103900010034,1110,3.0457140589408676
31,039,0001,0049,3103900010049,1520,3.182129214052998
31,039,0001,0053,3103900010053,1485,3.1720188094245563
31,040,0001,0016,3104000010016,3791,3.5788683286660286
31,040,0001,011A,310400001011A,2373,3.3754807146185724
31,040,0001,0139,3104000010139,952,2.979092900638326
31,040,0001,0270,3104000010270,1166,3.0670708560453703
31,040,0001,0285,3104000010285,1480,3.1705550585212086
31,040,0001,029A,310400001029A,1224,3.0881360887005513
31,040,0001,0302,3104000010302,202,2.307496037913213
31,040,0001,0317,3104000010317,147,2.1702617153949575
31,040,0001,0321,3104000010321,1452,3.1622656142980214
31,040,0001,0336,3104000010336,1854,3.268343913951065
31,040,0001,0340,3104000010340,1444,3.1598678470925665
31,040,0001,0355,3104000010355,1756,3.244771761495295
31,040,0041,0092,3104000410092,1212,3.083860800866573
31,040,0041,0105,3104000410105,1829,3.2624510897304293
31,040,0041,0232,3104000410232,855,2.932473764677153
31,040,0041,036A,310400041036A,199,2.3010299956639813
31,040,0041,0374,3104000410374,31,1.505149978319906
31,040,0041,0389,3104000410389,4,0.6989700043360189
31,041,0001,0028,3104100010028,1625,3.2111205412580492
31,041,0001,0070,3104100010070,2116,3.325720858019412
31,041,0001,0085,3104100010085,5754,3.760045327965811
31,041,0001,009A,310410001009A,5685,3.754806855354423
31,041,0001,0136,3104100010136,3543,3.5494937132150133
31,041,0001,0140,3104100010140,1541,3.188084373714938
31,041,0001,0155,3104100010155,2081,3.3184807251745174
31,041,0001,0189,3104100010189,1384,3.1414497734004674
31,041,0001,0225,3104100010225,2200,3.342620042553348
31,041,0001,023A,310410001023A,5289,3.7234556720351857
31,041,0001,0259,3104100010259,1440,3.1586639808139894
31,041,0001,0263,3104100010263,1987,3.2984163800612945
31,041,0001,0278,3104100010278,3961,3.5979144712025284
31,041,0001,0282,3104100010282,7055,3.848558572123763
31,041,0001,0297,3104100010297,1191,3.076276255404218
31,041,0001,0314,3104100010314,1520,3.182129214052998
31,041,0001,0329,3104100010329,1951,3.290479813330673
31,041,0001,0333,3104100010333,610,2.786041210242554
31,041,0001,0348,3104100010348,1203,3.0806264869218056
31,041,0001,0352,3104100010352,76,1.8864907251724818
31,041,0001,0367,3104100010367,1463,3.165541076722373
31,041,0001,0371,3104100010371,1129,3.0530784434834195
31,041,0001,0386,3104100010386,393,2.595496221825574
31,041,0001,0390,3104100010390,266,2.4265112613645754
31,041,0001,0403,3104100010403,1157,3.0637085593914173
31,041,0001,0418,3104100010418,1622,3.210318519826232
31,041,0001,0422,3104100010422,263,2.4216039268698313
31,041,0001,0437,3104100010437,3512,3.5456781497920256
31,041,0001,0441,3104100010441,145,2.164352855784437
31,041,0001,0456,3104100010456,474,2.6766936096248664
31,041,0001,0460,3104100010460,2783,3.4446692309385245
31,041,0001,0475,3104100010475,2280,3.3581252852766488
31,041,0001,048A,310410001048A,213,2.330413773349191
31,041,0001,0494,3104100010494,4499,3.6532125137753435
31,041,0001,0507,3104100010507,4337,3.6372895476781744
31,041,0001,0511,3104100010511,3924,3.5938396610812715
31,041,0001,0526,3104100010526,5934,3.77342072329061
31,041,0001,0530,3104100010530,1621,3.2100508498751372
31,041,0001,0545,3104100010545,2469,3.392696953259666
31,041,0001,0564,3104100010564,1439,3.1583624920952498
31,041,0001,0579,3104100010579,3299,3.5185139398778875
31,041,0001,0583,3104100010583,46,1.6720978579357175
31,041,0001,0598,3104100010598,559,2.7481880270062002
31,041,0001,0615,3104100010615,1599,3.2041199826559246
31,041,0001,062A,310410001062A,34,1.5440680443502757
31,041,0001,0634,3104100010634,163,2.214843848047698
31,041,0001,0649,3104100010649,549,2.7403626894942437
31,041,0001,0653,3104100010653,78,1.8976270912904414
31,041,0001,0668,3104100010668,4832,3.6842167951388807
31,041,0001,0672,3104100010672,0,0.0
31,041,0001,0687,3104100010687,71,1.8573324964312685
31,041,0001,0691,3104100010691,1732,3.238798562713917
31,041,0001,0704,3104100010704,1520,3.182129214052998
31,041,0001,0719,3104100010719,1435,3.1571544399062814
31,041,0001,0723,3104100010723,1712,3.2337573629655103
31,041,0001,0738,3104100010738,2664,3.425697213362591
31,041,0001,0742,3104100010742,152,2.184691430817599
31,041,0001,0757,3104100010757,5068,3.7049222912234017
31,041,0001,0761,3104100010761,3272,3.5149460053080044
31,041,0001,0776,3104100010776,1943,3.288696260590256
31,041,0001,0780,3104100010780,4340,3.6375897858387
31,041,0001,0808,3104100010808,546,2.737987326333431
31,041,0001,0812,3104100010812,516,2.7134905430939424
31,041,0001,0827,3104100010827,1411,3.149834696715785
31,041,0001,0831,3104100010831,2024,3.3064250275506875
31,041,0001,0846,3104100010846,2649,3.423245873936808
31,041,0001,0850,3104100010850,1089,3.037426497940624
31,041,0001,0865,3104100010865,1971,3.2949069106051923
31,041,0001,087A,310410001087A,495,2.6954816764901977
31,041,0001,0884,3104100010884,1849,3.2671717284030137
31,042,0001,0063,3104200010063,438,2.6424645202421213
31,042,0001,0078,3104200010078,507,2.7058637122839193
31,042,0001,0082,3104200010082,239,2.380211241711606
31,042,0001,0097,3104200010097,286,2.4578818967339924
31,042,0001,0114,3104200010114,1141,3.0576661039098294
31,042,0001,0129,3104200010129,863,2.936513742478893
31,042,0001,0152,3104200010152,53,1.7323937598229686
31,042,0001,0167,3104200010167,43,1.6434526764861874
31,042,0001,0171,3104200010171,3,0.6020599913279624
31,043,0001,0060,3104300010060,1591,3.20194306340165
31,043,0001,0075,3104300010075,1258,3.1000257301078626
31,043,0001,008A,310430001008A,30,1.4913616938342726
31,044,0001,0049,3104400010049,2367,3.374381698050882
31,044,0001,0072,3104400010072,2568,3.4097641042663462
31,044,0001,0087,3104400010087,2255,3.3533390953113047
31,045,0001,0027,3104500010027,1029,3.012837224705172
31,045,0001,0031,3104500010031,789,2.8976270912904414
31,045,0001,0050,3104500010050,233,2.369215857410143
31,045,0001,0065,3104500010065,72,1.863322860120456
31,045,0001,007A,310450001007A,60,1.7853298350107671
31,045,0001,0084,3104500010084,7,0.9030899869919435
31,045,0001,0099,3104500010099,12,1.1139433523068367
31,045,0001,0101,3104500010101,9,1.0
31,046,0001,0039,3104600010039,845,2.9273703630390235
31,046,0001,0043,3104600010043,907,2.958085848521085
31,046,0001,0058,3104600010058,1357,3.132899769944483
31,046,0001,0077,3104600010077,0,0.0
31,046,0001,0081,3104600010081,17,1.255272505103306
31,046,0001,0096,3104600010096,54,1.7403626894942439
31,046,0001,0109,3104600010109,9,1.0
31,047,0001,0074,3104700010074,1385,3.141763230275788
31,047,0001,0089,3104700010089,1190,3.0759117614827773
31,047,0001,0093,3104700010093,903,2.9561684304753633
31,047,0001,0106,3104700010106,1209,3.0827853703164503
31,047,0001,0110,3104700010110,14,1.1760912590556813
31,047,0001,0125,3104700010125,2,0.47712125471966244
31,047,0001,013A,310470001013A,12,1.1139433523068367
31,048,0001,0230,3104800010230,3075,3.4879863311293935
31,048,0001,0245,3104800010245,3448,3.5376931943673906
31,048,0001,025A,310480001025A,4314,3.6349808000512285
31,048,0001,0264,3104800010264,3029,3.481442628502305
31,048,0001,0279,3104800010279,0,0.0
31,048,0001,0283,3104800010283,79,1.9030899869919435
31,048,0001,0298,3104800010298,6,0.8450980400142568
31,048,0001,0300,3104800010300,11,1.0791812460476249
31,048,0001,0315,3104800010315,2,0.47712125471966244
31,049,0001,0026,3104900010026,2004,3.302114376956201
31,049,0001,0030,3104900010030,1331,3.1245042248342823
31,049,0001,005A,310490001005A,255,2.4082399653118496
31,049,0001,0064,3104900010064,111,2.0492180226701815
31,049,0001,0079,3104900010079,65,1.8195439355418688
31,049,0001,0083,3104900010083,23,1.380211241711606
31,049,0001,0098,3104900010098,15,1.2041199826559248
31,049,0001,0100,3104900010100,62,1.7993405494535817
31,049,0001,0115,3104900010115,12,1.1139433523068367
31,049,0001,0134,3104900010134,59,1.7781512503836436
31,049,0001,0149,3104900010149,19,1.3010299956639813
31,050,0001,0027,3105000010027,21,1.3424226808222062
31,050,0001,0031,3105000010031,253,2.404833716619938
31,050,0001,0120,3105000010120,1444,3.1598678470925665
31,050,0001,0154,3105000010154,186,2.271841606536499
31,050,0001,0169,3105000010169,1580,3.198931869932209
31,050,0001,0188,3105000010188,1538,3.187238619831479
31,050,0001,021A,310500001021A,1571,3.196452541703389
31,050,0001,0224,3105000010224,694,2.8419848045901137
31,050,0001,0262,3105000010262,3013,3.479143247978613
31,050,0001,0277,3105000010277,934,2.9708116108725178
31,050,0001,0281,3105000010281,978,2.9907826918031377
31,050,0001,0296,3105000010296,999,3.0
31,050,0001,0309,3105000010309,2261,3.3544926005894364
31,050,0001,0313,3105000010313,2205,3.343605508104172
31,050,0001,0328,3105000010328,1163,3.06595298031387
31,050,0001,0332,3105000010332,2686,3.4292676664331685
31,050,0001,0347,3105000010347,3073,3.4877038631637265
31,050,0001,0366,3105000010366,2495,3.397244581010386
31,050,0001,039A,310500001039A,2672,3.426998958756537
31,050,0001,0402,3105000010402,2248,3.351989455435632
31,050,0001,0417,3105000010417,2704,3.4321672694425884
31,050,0001,0421,3105000010421,2281,3.358315640082196
31,050,0001,0436,3105000010436,1774,3.249198357391113
31,050,0001,0440,3105000010440,760,2.8813846567705728
31,050,0001,0455,3105000010455,379,2.57978359661681
31,050,0001,0474,3105000010474,350,2.545307116465824
31,050,0001,0489,3105000010489,2585,3.4126285205443754
31,050,0001,0493,3105000010493,2715,3.433929765608464
31,050,0001,0506,3105000010506,529,2.724275869600789
31,050,0001,0510,3105000010510,211,2.326335860928751
31,050,0001,0525,3105000010525,1586,3.2005769267548483
31,050,0001,053A,310500001053A,4090,3.6118294794983736
31,050,0001,0544,3105000010544,2304,3.362670929725667
31,050,0001,0559,3105000010559,471,2.673941998634088
31,050,0001,0563,3105000010563,3001,3.4774106879072515
31,050,0001,0597,3105000010597,2654,3.4240645254174877
31,050,0001,060A,310500001060A,5888,3.770041554319669
31,050,0001,0614,3105000010614,2786,3.445136968713304
31,050,0001,0629,3105000010629,1873,3.2727695865517594
31,050,0001,0633,3105000010633,3951,3.5968169359155904
31,050,0001,0648,3105000010648,2955,3.470704429722788
31,050,0001,0652,3105000010652,3294,3.517855418930029
31,050,0001,0667,3105000010667,3576,3.5535189401489697
31,050,0001,0671,3105000010671,3702,3.5685537120494426
31,050,0001,0686,3105000010686,2710,3.4331295175804857
31,050,0001,0718,3105000010718,4702,3.6723749787460793
31,050,0001,0737,3105000010737,3039,3.482873583608754
31,050,0001,0741,3105000010741,3125,3.494988973683168
31,050,0001,0756,3105000010756,2350,3.3712526291249394
31,050,0001,0760,3105000010760,3389,3.530199698203082
31,050,0001,078A,310500001078A,1455,3.1631613749770184
31,050,0001,0807,3105000010807,4299,3.6334684555795866
31,050,0001,0826,3105000010826,3855,3.5861370252307934
31,050,0001,0845,3105000010845,571,2.7573960287930244
31,050,0001,085A,310500001085A,0,0.0
31,050,0001,0864,3105000010864,8,0.9542425094393249
31,050,0001,0879,3105000010879,7,0.9030899869919435
31,050,0001,1218,3105000011218,2200,3.342620042553348
31,050,0001,1241,3105000011241,2639,3.4216039268698313
31,050,0001,1345,3105000011345,2213,3.345177616542704
31,050,0001,1453,3105000011453,777,2.890979596989689
31,050,0001,1468,3105000011468,1512,3.179838928023187
31,050,0001,1472,3105000011472,1660,3.2203696324513946
31,050,0001,1487,3105000011487,2081,3.3184807251745174
31,050,0001,1504,3105000011504,1541,3.188084373714938
31,050,0001,1523,3105000011523,1795,3.2543063323312857
31,050,0001,1542,3105000011542,1715,3.2345172835126865
31,050,0001,1557,3105000011557,1307,3.1166077439882485
31,050,0001,1561,3105000011561,1582,3.199480914862356
31,050,0001,1576,3105000011576,1474,3.1687920203141817
31,050,0001,1608,3105000011608,1635,3.2137832993353044
31,050,0001,1631,3105000011631,2663,3.4255342204982635
31,050,0001,1650,3105000011650,1448,3.1610683854711747
31,050,0001,1665,3105000011665,1199,3.0791812460476247
31,050,0001,1684,3105000011684,971,2.9876662649262746
31,050,0001,1699,3105000011699,1655,3.219060332448861
31,050,0001,1716,3105000011716,2055,3.313023110323238
31,050,0001,1773,3105000011773,2771,3.442793225939769
31,050,0001,1805,3105000011805,3191,3.5040628826786917
31,050,0001,181A,310500001181A,2761,3.4412236742426123
31,050,0001,1824,3105000011824,3535,3.5485122563410356
31,050,0001,1843,3105000011843,3111,3.4930395883176515
31,050,0001,1858,3105000011858,3389,3.530199698203082
31,050,0001,1913,3105000011913,2091,3.3205616801952367
31,050,0001,199A,310500001199A,1219,3.0863598306747484
31,050,0001,2080,3105000012080,1840,3.2650537885040145
31,050,0001,2201,3105000012201,2288,3.359645792674543
31,050,0001,2216,3105000012216,4288,3.632356046239073
31,050,0001,2220,3105000012220,1875,3.2732328340430454
31,050,0001,2235,3105000012235,2095,3.321391278311689
31,050,0001,224A,310500001224A,1957,3.291812687467119
31,050,0001,2254,3105000012254,2082,3.318689269947746
31,050,0001,2269,3105000012269,2954,3.4705574852172743
31,050,0001,2273,3105000012273,2693,3.4303975913869666
31,050,0001,2288,3105000012288,3564,3.5520595341878844
31,050,0001,2292,3105000012292,1516,3.1809855807867304
31,050,0001,231A,310500001231A,3035,3.4823017672234426
31,050,0001,2324,3105000012324,1679,3.225309281725863
31,050,0001,2339,3105000012339,1655,3.219060332448861
31,050,0001,2343,3105000012343,229,2.361727836017593
31,050,0001,2358,3105000012358,210,2.3242824552976926
31,050,0001,2362,3105000012362,310,2.4927603890268375
31,050,0001,2377,3105000012377,285,2.456366033129043
31,050,0001,2381,3105000012381,657,2.8182258936139557
31,050,0001,2396,3105000012396,1418,3.151982395457474
31,050,0001,2409,3105000012409,774,2.88930170250631
31,050,0001,2413,3105000012413,2963,3.4718781993072905
31,050,0001,2428,3105000012428,1648,3.217220655644519
31,050,0001,2432,3105000012432,1672,3.2234959409623944
31,050,0001,2447,3105000012447,1664,3.2214142378423385
31,050,0001,2451,3105000012451,1563,3.1942367487238292
31,050,0001,2466,3105000012466,3049,3.484299839346786
31,050,0001,2470,3105000012470,1731,3.2385478876813276
31,050,0001,2485,3105000012485,918,2.9633155113861114
31,050,0001,249A,310500001249A,1208,3.0824263008607717
31,050,0001,2502,3105000012502,1695,3.229425847920695
31,050,0001,2517,3105000012517,1108,3.04493154614916
31,050,0001,2521,3105000012521,3701,3.5684364144168854
31,050,0001,2540,3105000012540,1452,3.1622656142980214
31,050,0001,2555,3105000012555,2355,3.372175286115064
31,050,0001,2574,3105000012574,189,2.278753600952829
31,050,0001,2589,3105000012589,1270,3.104145550554008
31,050,0001,2593,3105000012593,2248,3.351989455435632
31,050,0001,2606,3105000012606,1585,3.200303182981585
31,050,0001,2610,3105000012610,1790,3.2530955858490316
31,050,0001,2625,3105000012625,1323,3.121887985103681
31,050,0001,263A,310500001263A,3113,3.4933186082321015
31,050,0001,2644,3105000012644,2153,3.3332456989619628
31,050,0001,2663,3105000012663,2777,3.4437322414015967
31,050,0001,2678,3105000012678,2693,3.4303975913869666
31,050,0001,2682,3105000012682,2008,3.3029799367482493
31,050,0001,2697,3105000012697,1024,3.010723865391773
31,050,0001,270A,310500001270A,1501,3.17666993266815
31,050,0001,2714,3105000012714,1551,3.1908917169221698
31,050,0001,2729,3105000012729,1171,3.068927611682072
31,050,0001,2733,3105000012733,2588,3.413132050434872
31,050,0001,2748,3105000012748,1959,3.292256071356476
31,050,0001,2771,3105000012771,3004,3.4778444763387584
31,050,0001,2786,3105000012786,3432,3.53567380342575
31,050,0001,2803,3105000012803,2301,3.362105319293773
31,050,0001,2818,3105000012818,2254,3.3531465462139796
31,050,0001,2822,3105000012822,1869,3.271841606536499
31,050,0001,2837,3105000012837,1454,3.162862993321926
31,050,0001,2841,3105000012841,1529,3.184691430817599
31,050,0001,2856,3105000012856,1173,3.0696680969115957
31,050,0001,2860,3105000012860,1871,3.2723058444020863
31,050,0001,2875,3105000012875,2313,3.3643633546157306
31,050,0001,288A,310500001288A,3279,3.515873843711679
31,050,0001,2894,3105000012894,3916,3.592953571547866
31,050,0001,2907,3105000012907,5184,3.7147487607250596
31,050,0001,2911,3105000012911,2463,3.3916407034923877
31,050,0001,2926,3105000012926,1676,3.2245330626060857
31,050,0001,2930,3105000012930,1840,3.2650537885040145
31,050,0001,2945,3105000012945,2337,3.3688445068258215
31,050,0001,295A,310500001295A,4103,3.61320735210376
31,050,0001,2964,3105000012964,2056,3.313234291694724
31,050,0001,2979,3105000012979,2600,3.4151403521958725
31,050,0001,2983,3105000012983,1230,3.090258052931316
31,050,0001,2998,3105000012998,2416,3.3832766504076504
31,050,0001,3002,3105000013002,1304,3.1156105116742996
31,050,0001,3017,3105000013017,2716,3.4340896384178907
31,050,0001,3021,3105000013021,2058,3.3136563466180315
31,050,0001,3036,3105000013036,1489,3.173186268412274
31,050,0001,3040,3105000013040,1952,3.2907022432878543
31,050,0001,3055,3105000013055,2046,3.311117842662506
31,050,0001,306A,310500001306A,3000,3.477265995424853
31,050,0001,3074,3105000013074,5926,3.772834927239018
31,050,0001,3089,3105000013089,2500,3.3981136917305026
31,050,0001,3093,3105000013093,2806,3.448242412634439
31,050,0001,3106,3105000013106,1818,3.2598326990634834
31,050,0001,3110,3105000013110,3132,3.4959603948817053
31,050,0001,3125,3105000013125,2755,3.440279213235588
31,050,0001,313A,310500001313A,2793,3.446226401778163
31,050,0001,3144,3105000013144,2931,3.4671639659690903
31,050,0001,3159,3105000013159,3460,3.539201599294128
31,050,0001,3163,3105000013163,2418,3.3836358683618797
31,050,0001,3178,3105000013178,1742,3.2412973871099933
31,050,0001,3182,3105000013182,2495,3.397244581010386
31,050,0001,3197,3105000013197,1389,3.143014800254095
31,050,0001,320A,310500001320A,1498,3.1758016328482794
31,050,0001,3214,3105000013214,1585,3.200303182981585
31,050,0001,3233,3105000013233,2062,3.3144992279731516
31,050,0001,3248,3105000013248,308,2.4899584794248346
31,050,0001,3267,3105000013267,4900,3.6902847025126295
31,050,0001,3271,3105000013271,2881,3.4596939764779706
31,050,0001,3286,3105000013286,2629,3.419955748489758
31,050,0001,3290,3105000013290,2696,3.4308809464528913
31,050,0001,3303,3105000013303,4376,3.641176546613114
31,050,0001,3341,3105000013341,1304,3.1156105116742996
31,050,0001,3356,3105000013356,1840,3.2650537885040145
31,050,0001,3360,3105000013360,2281,3.358315640082196
31,050,0001,338A,310500001338A,3076,3.4881274962474587
31,050,0001,3394,3105000013394,1658,3.219846386024361
31,050,0001,3407,3105000013407,1051,3.02201573981772
31,050,0001,3411,3105000013411,3610,3.5576274884268266
31,050,0001,3426,3105000013426,1739,3.2405492482826
31,050,0001,3430,3105000013430,2021,3.3057811512549824
31,050,0001,3445,3105000013445,1780,3.2506639194632436
31,050,0001,345A,310500001345A,1081,3.0342272607705505
31,050,0001,3483,3105000013483,4738,3.675686708699401
31,050,0001,3500,3105000013500,2429,3.385606273598312
31,050,0001,3515,3105000013515,3701,3.5684364144168854
31,050,0001,3549,3105000013549,0,0.0
31,050,0001,3572,3105000013572,2101,3.3226327116922234
31,050,0001,3587,3105000013587,78,1.8976270912904414
31,050,0001,3591,3105000013591,289,2.462397997898956
31,050,0001,3604,3105000013604,708,2.8506462351830666
31,050,0001,3619,3105000013619,2853,3.4554539687786283
31,050,0001,3657,3105000013657,1251,3.097604328874411
31,050,0001,3676,3105000013676,924,2.9661417327390325
31,050,0001,3695,3105000013695,1586,3.2005769267548483
31,050,0001,3708,3105000013708,1462,3.1652443261253107
31,050,0001,3712,3105000013712,2771,3.442793225939769
31,050,0001,3727,3105000013727,2484,3.395326393069351
31,050,0001,3746,3105000013746,3682,3.566201718854913
31,050,0001,3765,3105000013765,2219,3.346352974450639
31,050,0001,377A,310500001377A,4555,3.6585837154070626
31,050,0001,3784,3105000013784,3838,3.584218112117405
31,050,0001,3799,3105000013799,1852,3.2678754193188975
31,050,0001,3801,3105000013801,2899,3.462397997898956
31,050,0001,384A,310500001384A,3154,3.498999363580153
31,050,0001,3854,3105000013854,2995,3.4765418090274287
31,050,0001,3869,3105000013869,663,2.8221680793680175
31,050,0001,3873,3105000013873,2058,3.3136563466180315
31,050,0001,3905,3105000013905,2930,3.4670158184384356
31,050,0001,391A,310500001391A,4057,3.608312042697327
31,050,0001,3939,3105000013939,2256,3.353531559077762
31,050,0001,3943,3105000013943,3415,3.5335178620169674
31,050,0001,3958,3105000013958,1056,3.024074987307426
31,050,0001,3962,3105000013962,1662,3.2208922492195193
31,050,0001,3977,3105000013977,5162,3.7129021250472225
31,050,0001,3981,3105000013981,1850,3.267406418752904
31,050,0001,3996,3105000013996,1772,3.2487087356009177
31,050,0001,4000,3105000014000,2592,3.4138025167693513
31,050,0001,4015,3105000014015,2323,3.366236123718293
31,050,0001,402A,310500001402A,1573,3.1970047280230456
31,050,0001,4034,3105000014034,4213,3.6246945312720813
31,050,0001,4049,3105000014049,3797,3.5795549604009986
31,050,0001,4068,3105000014068,1191,3.076276255404218
31,050,0001,4072,3105000014072,1247,3.0962145853464054
31,050,0001,4087,3105000014087,1031,3.0136796972911926
31,050,0001,4091,3105000014091,585,2.767897616018091
31,050,0001,4104,3105000014104,1673,3.2237554536572413
31,050,0001,4119,3105000014119,1797,3.25478968739721
31,050,0001,4123,3105000014123,2368,3.374565060722765
31,050,0001,4138,3105000014138,2740,3.4379090355394983
31,050,0001,4142,3105000014142,1609,3.2068258760318495
31,050,0001,4157,3105000014157,1519,3.1818435879447726
31,050,0001,4161,3105000014161,1795,3.2543063323312857
31,050,0001,4176,3105000014176,2003,3.301897717195208
31,050,0001,4180,3105000014180,2124,3.3273589343863303
31,050,0001,4195,3105000014195,2076,3.317436496535099
31,050,0001,4208,3105000014208,3205,3.505963518018126
31,050,0001,4212,3105000014212,2442,3.3879234669734366
31,050,0001,4227,3105000014227,1197,3.0784568180532927
31,050,0001,4231,3105000014231,1761,3.246005904076029
31,050,0001,4250,3105000014250,3116,3.49373680227684
31,050,0001,4265,3105000014265,425,2.629409599102719
31,050,0001,427A,310500001427A,809,2.90848501887865
31,050,0001,4284,3105000014284,1289,3.110589710299249
31,050,0001,4299,3105000014299,231,2.3654879848909
31,050,0001,4301,3105000014301,455,2.658964842664435
31,050,0001,4316,3105000014316,1716,3.2347702951609163
31,050,0001,4320,3105000014320,446,2.6503075231319366
31,050,0001,4335,3105000014335,613,2.788168371141168
31,050,0001,4354,3105000014354,860,2.935003151453655
31,050,0001,4462,3105000014462,1263,3.1017470739463664
31,050,0001,4477,3105000014477,725,2.8609366207000937
31,050,0001,4481,3105000014481,2970,3.472902651803664
31,050,0001,4496,3105000014496,3023,3.480581786829169
31,050,0001,4509,3105000014509,1211,3.0835026198302673
31,050,0001,4513,3105000014513,2978,3.4740705032150436
31,050,0001,4528,3105000014528,535,2.72916478969277
31,050,0001,4532,3105000014532,258,2.413299764081252
31,050,0001,4547,3105000014547,459,2.662757831681574
31,050,0001,4566,3105000014566,5074,3.7054360465852505
31,050,0001,4570,3105000014570,2900,3.4625477288026643
31,050,0001,4585,3105000014585,438,2.6424645202421213
31,050,0001,4602,3105000014602,1469,3.167317334748176
31,050,0001,4617,3105000014617,1014,3.0064660422492318
31,050,0001,4621,3105000014621,1451,3.161966616364075
31,050,0001,4636,3105000014636,2225,3.3475251599986895
31,050,0001,4640,3105000014640,1713,3.2340108175871793
31,050,0001,466A,310500001466A,3325,3.5219222448835006
31,050,0001,4674,3105000014674,148,2.173186268412274
31,050,0001,4689,3105000014689,3959,3.597695185925512
31,050,0001,4693,3105000014693,2173,3.3372595397502756
31,050,0001,4706,3105000014706,3222,3.5082603055123345
31,050,0001,4710,3105000014710,399,2.6020599913279625
31,050,0001,4725,3105000014725,2538,3.4046627008737222
31,050,0001,473A,310500001473A,3410,3.5328817194073974
31,050,0001,4744,3105000014744,541,2.733999286538387
31,050,0001,4759,3105000014759,789,2.8976270912904414
31,050,0001,4763,3105000014763,404,2.6074550232146687
31,050,0001,4778,3105000014778,2170,3.3366598234544202
31,050,0001,4814,3105000014814,3370,3.5277587525209717
31,050,0001,4829,3105000014829,2612,3.4171394097273255
31,050,0001,4833,3105000014833,1144,3.0588054866759067
31,050,0001,4848,3105000014848,797,2.9020028913507296
31,050,0001,4852,3105000014852,812,2.910090545594068
31,050,0001,4867,3105000014867,1134,3.0549958615291417
31,050,0001,4871,3105000014871,613,2.788168371141168
31,050,0001,4886,3105000014886,3474,3.540954808926133
31,050,0001,4890,3105000014890,2755,3.440279213235588
31,050,0001,4903,3105000014903,2115,3.325515663363148
31,050,0001,4937,3105000014937,22,1.3617278360175928
31,050,0001,4960,3105000014960,450,2.6541765418779604
31,050,0001,4975,3105000014975,313,2.496929648073215
31,050,0001,498A,310500001498A,220,2.3443922736851106
31,050,0001,4994,3105000014994,1253,3.0982975364946976
31,050,0001,5009,3105000015009,1613,3.2079035303860515
31,050,0001,5013,3105000015013,1755,3.244524511570084
31,050,0001,5028,3105000015028,2425,3.3848907965305544
31,050,0001,5032,3105000015032,1711,3.2335037603411343
31,050,0001,5047,3105000015047,1482,3.1711411510283822
31,050,0001,5051,3105000015051,1138,3.0565237240791006
31,050,0001,5066,3105000015066,1223,3.087781417809542
31,050,0001,5070,3105000015070,1962,3.292920299600006
31,050,0001,5085,3105000015085,1836,3.2641091563058082
31,050,0001,509A,310500001509A,1590,3.2016701796465816
31,050,0001,5102,3105000015102,2531,3.4034637013453173
31,050,0001,5117,3105000015117,1576,3.197831693328903
31,050,0001,5121,3105000015121,1822,3.2607866686549762
31,050,0001,5136,3105000015136,4841,3.685024785105714
31,050,0001,5140,3105000015140,3044,3.4835872969688944
31,050,0001,5155,3105000015155,2773,3.443106456737266
31,050,0001,516A,310500001516A,2252,3.3527611917238307
31,050,0001,5174,3105000015174,2044,3.3106933123433606
31,050,0001,5189,3105000015189,1767,3.2474822606770544
31,050,0001,5210,3105000015210,751,2.876217840591642
31,050,0001,5225,3105000015225,1042,3.018284308426531
31,050,0001,523A,310500001523A,1272,3.1048284036536553
31,050,0001,5244,3105000015244,849,2.929418925714293
31,050,0001,5259,3105000015259,1021,3.009450895798694
31,050,0001,5263,3105000015263,1450,3.161667412437736
31,050,0001,5278,3105000015278,1427,3.1547282074401557
31,050,0001,5282,3105000015282,1520,3.182129214052998
31,050,0001,5297,3105000015297,1529,3.184691430817599
31,050,0001,530A,310500001530A,2275,3.3571722577230334
31,050,0001,5314,3105000015314,2103,3.3230457354817013
31,050,0001,5329,3105000015329,2199,3.342422680822206
31,050,0001,5333,3105000015333,2316,3.364926033789976
31,050,0001,5348,3105000015348,2061,3.3142886609474975
31,050,0001,5386,3105000015386,3,0.6020599913279624
31,050,0001,5390,3105000015390,33,1.5314789170422551
31,050,0001,5418,3105000015418,2829,3.45178643552429
31,050,0001,5422,3105000015422,1330,3.124178055474675
31,050,0001,5437,3105000015437,1412,3.1501421618485588
31,050,0001,5441,3105000015441,879,2.9444826721501687
31,050,0001,5456,3105000015456,699,2.845098040014257
31,050,0001,5460,3105000015460,2618,3.418135498425232
31,050,0001,5475,3105000015475,2061,3.3142886609474975
31,050,0001,548A,310500001548A,2052,3.312388949370592
31,050,0001,5494,3105000015494,4794,3.6807886115066824
31,050,0001,5511,3105000015511,202,2.307496037913213
31,050,0001,5526,3105000015526,1819,3.2600713879850747
31,050,0001,5579,3105000015579,1361,3.1341771075767664
31,050,0001,5583,3105000015583,3298,3.518382315545344
31,050,0001,5598,3105000015598,1917,3.282848602834645
31,050,0001,5600,3105000015600,2568,3.4097641042663462
31,050,0001,562A,310500001562A,612,2.787460474518415
31,050,0001,5634,3105000015634,1810,3.2579184503140586
31,050,0001,5649,3105000015649,2837,3.4530123911214554
31,050,0001,5672,3105000015672,2680,3.4282968139828798
31,050,0001,5687,3105000015687,2830,3.451939869365103
31,050,0001,5691,3105000015691,3252,3.5122840632818537
31,050,0001,5704,3105000015704,1637,3.2143138974244
31,050,0001,5719,3105000015719,2950,3.4699692094999595
31,050,0001,5723,3105000015723,1879,3.27415784926368
31,050,0001,5738,3105000015738,1979,3.296665190261531
31,050,0001,5742,3105000015742,2208,3.344195715871435
31,050,0001,5757,3105000015757,2791,3.4459154139511234
31,050,0001,5761,3105000015761,1204,3.080987046910887
31,050,0001,5776,3105000015776,2920,3.46553155697355
31,050,0001,5780,3105000015780,2022,3.3059958827708047
31,050,0001,5795,3105000015795,1487,3.17260293120986
31,050,0001,5808,3105000015808,2429,3.385606273598312
31,050,0001,5812,3105000015812,2402,3.3807537708039
31,050,0001,5827,3105000015827,2032,3.3081373786380386
31,050,0001,5831,3105000015831,2888,3.460747541844197
31,050,0001,5846,3105000015846,2192,3.341038631677523
31,050,0001,5850,3105000015850,1507,3.178401341533755
31,050,0001,5865,3105000015865,2335,3.3684728384403617
31,050,0001,587A,310500001587A,976,2.989894563718773
31,050,0001,5884,3105000015884,1772,3.2487087356009177
31,050,0001,5899,3105000015899,229,2.361727836017593
31,050,0001,5916,3105000015916,2338,3.3690302218091532
31,050,0001,5920,3105000015920,143,2.1583624920952498
31,050,0001,5935,3105000015935,1082,3.0346284566253203
31,050,0001,594A,310500001594A,902,2.9556877503135057
31,050,0001,5969,3105000015969,290,2.4638929889859074
31,050,0001,5973,3105000015973,1368,3.13640344813399
31,050,0001,5988,3105000015988,2135,3.3296012483565187
31,050,0001,5992,3105000015992,24,1.3979400086720377
31,050,0001,6007,3105000016007,322,2.509202522331103
31,050,0001,6030,3105000016030,1837,3.2643455070500926
31,050,0001,6045,3105000016045,5529,3.7427251313046983
31,050,0001,605A,310500001605A,2871,3.4581844355702627
31,050,0001,6064,3105000016064,1601,3.204662511748219
31,050,0001,6079,3105000016079,1992,3.2995072987004876
31,050,0001,6083,3105000016083,1151,3.061452479087193
31,050,0001,6098,3105000016098,380,2.5809249756756194
31,050,0001,6100,3105000016100,230,2.3636119798921444
31,050,0001,6115,3105000016115,2698,3.431202884556517
31,050,0001,612A,310500001612A,3319,3.5211380837040362
31,050,0001,6134,3105000016134,1287,3.1099158630237933
31,050,0001,6149,3105000016149,2360,3.373095987078727
31,050,0001,6153,3105000016153,1056,3.024074987307426
31,050,0001,6168,3105000016168,14,1.1760912590556813
31,050,0001,6172,3105000016172,119,2.0791812460476247
31,050,0001,6187,3105000016187,606,2.7831886910752575
31,050,0001,6191,3105000016191,260,2.416640507338281
31,050,0001,6204,3105000016204,0,0.0
31,050,0001,6219,3105000016219,136,2.1367205671564067
31,050,0001,6223,3105000016223,0,0.0
31,050,0001,6238,3105000016238,636,2.8041394323353503
31,050,0001,6242,3105000016242,0,0.0
31,050,0001,6257,3105000016257,221,2.346352974450639
31,050,0001,6261,3105000016261,570,2.756636108245848
31,050,0001,6350,3105000016350,9,1.0
31,050,0001,6365,3105000016365,1795,3.2543063323312857
31,050,0001,637A,310500001637A,1748,3.2427898094786767
31,050,0001,6384,3105000016384,2016,3.3047058982127653
31,050,0001,6399,3105000016399,1069,3.0293837776852097
31,050,0001,6401,3105000016401,1601,3.204662511748219
31,050,0001,6416,3105000016416,741,2.870403905279027
31,050,0001,6420,3105000016420,139,2.146128035678238
31,050,0001,6435,3105000016435,773,2.8887409606828927
31,050,0001,644A,310500001644A,231,2.3654879848909
31,050,0001,6454,3105000016454,2134,3.329397879361043
31,050,0001,6469,3105000016469,1519,3.1818435879447726
31,050,0001,6473,3105000016473,2666,3.4260230156898763
31,050,0001,6488,3105000016488,2573,3.410608542568368
31,050,0001,6492,3105000016492,2413,3.3827372657613304
31,050,0001,6505,3105000016505,2179,3.3384564936046046
31,050,0001,651A,310500001651A,1755,3.244524511570084
31,050,0001,6524,3105000016524,2524,3.40226138245468
31,050,0001,6539,3105000016539,591,2.77232170672292
31,050,0001,6543,3105000016543,1787,3.2523675144598987
31,050,0001,6558,3105000016558,1841,3.26528962586083
31,050,0001,6581,3105000016581,21,1.3424226808222062
31,050,0001,6613,3105000016613,1140,3.0572856444182146
31,050,0001,6628,3105000016628,3620,3.5588285248170117
31,050,0001,6632,3105000016632,3343,3.524266268766979
31,050,0001,6647,3105000016647,3676,3.5654936298688624
31,050,0001,6651,3105000016651,3447,3.5375672571526753
31,050,0001,6666,3105000016666,1413,3.150449409460881
31,050,0001,6670,3105000016670,494,2.694605198933569
31,050,0001,669A,310500001669A,2532,3.403635189790548
31,050,0001,6702,3105000016702,1957,3.291812687467119
31,050,0001,6717,3105000016717,2544,3.4056877866727775
31,050,0001,6721,3105000016721,3951,3.5968169359155904
31,050,0001,6736,3105000016736,160,2.2068258760318495
31,050,0001,6740,3105000016740,2635,3.420945405921972
31,050,0001,6755,3105000016755,875,2.9425041061680806
31,050,0001,676A,310500001676A,368,2.56702636615906
31,050,0001,6774,3105000016774,2791,3.4459154139511234
31,050,0001,6789,3105000016789,433,2.637489729512511
31,050,0001,6793,3105000016793,3657,3.563243701140398
31,050,0001,6806,3105000016806,1163,3.06595298031387
31,050,0001,6810,3105000016810,3350,3.5251744278352715
31,050,0001,6825,3105000016825,7244,3.8600383898071935
31,050,0001,683A,310500001683A,3083,3.4891143693789193
31,050,0001,6844,3105000016844,1414,3.150756439860309
31,050,0001,6859,3105000016859,1325,3.1225435240687545
31,050,0001,6863,3105000016863,1620,3.209783014848515
31,050,0001,6878,3105000016878,2991,3.4759615891924236
31,050,0001,6882,3105000016882,1662,3.2208922492195193
31,050,0001,6897,3105000016897,2103,3.3230457354817013
31,050,0001,690A,310500001690A,1414,3.150756439860309
31,050,0001,6914,3105000016914,632,2.801403710017355
31,050,0001,6929,3105000016929,456,2.6599162000698504
31,050,0001,6948,3105000016948,448,2.6522463410033232
31,050,0001,6952,3105000016952,2132,3.3289908554494287
31,050,0001,6967,3105000016967,360,2.5575072019056577
31,050,0001,6971,3105000016971,1053,3.022840610876528
31,050,0001,6986,3105000016986,656,2.8175653695597807
31,050,0001,6990,3105000016990,1207,3.082066934285113
31,050,0001,7005,3105000017005,1512,3.179838928023187
31,050,0001,701A,310500001701A,2128,3.3281756614383227
31,050,0001,7024,3105000017024,1015,3.0068937079479006
31,050,0001,7039,3105000017039,167,2.225309281725863
31,050,0001,7043,3105000017043,311,2.494154594018443
31,050,0075,441A,310500075441A,137,2.1398790864012365
31,050,0075,4424,3105000754424,37,1.5797835966168101
31,050,0075,4439,3105000754439,21,1.3424226808222062
31,050,0075,4443,3105000754443,2245,3.351409751925439
31,050,0075,4458,3105000754458,2338,3.3690302218091532
31,050,0075,5564,3105000755564,24,1.3979400086720377
31,050,0075,6011,3105000756011,24,1.3979400086720377
31,050,0075,6026,3105000756026,29,1.4771212547196624
31,050,0075,6562,3105000756562,2387,3.3780343224573315
31,050,0075,6577,3105000756577,1581,3.1992064791616577
31,050,0077,4388,3105000774388,2408,3.3818367999983434
31,050,0077,4392,3105000774392,2143,3.3312247810207323
31,050,0077,4941,3105000774941,42,1.6334684555795864
31,050,0077,4956,3105000774956,159,2.2041199826559246
31,050,0077,5530,3105000775530,97,1.9912260756924949
31,050,0077,6312,3105000776312,25,1.414973347970818
31,050,0077,6327,3105000776327,95,1.9822712330395684
31,050,0077,6331,3105000776331,65,1.8195439355418688
31,050,0084,2184,3105000842184,683,2.835056101720116
31,050,0084,2199,3105000842199,3134,3.496237545166735
31,050,0084,3568,3105000843568,1076,3.0322157032979815
31,050,0084,4053,3105000844053,415,2.6190933306267428
31,050,0084,4373,3105000844373,360,2.5575072019056577
31,050,0084,5193,3105000845193,1740,3.240798771117331
31,050,0084,5206,3105000845206,2424,3.3847117429382823
31,050,0084,5352,3105000845352,401,2.60422605308447
31,050,0084,5367,3105000845367,508,2.7067177823367587
31,050,0084,5545,3105000845545,151,2.1818435879447726
31,050,0084,5954,3105000845954,416,2.6201360549737576
31,050,0084,6308,3105000846308,20,1.3222192947339193
31,050,0084,6933,3105000846933,417,2.621176281775035
31,050,0093,0135,3105000930135,44,1.6532125137753437
31,050,0093,2127,3105000932127,2453,3.3898745583909853
31,050,0093,3816,3105000933816,128,2.110589710299249
31,050,0093,3820,3105000933820,5,0.7781512503836436
31,050,0093,555A,310500093555A,52,1.724275869600789
31,050,0093,5653,3105000935653,1371,3.137354111370733
31,050,0093,5668,3105000935668,1545,3.189209489582306
31,050,0093,6346,3105000936346,0,0.0
31,050,0111,4405,3105001114405,4095,3.612359947967774
31,050,0111,6276,3105001116276,152,2.184691430817599
31,050,0111,6280,3105001116280,27,1.4471580313422192
31,050,0111,6295,3105001116295,154,2.1903316981702914
31,051,0001,0024,3105100010024,966,2.9854264740830017
31,051,0001,0039,3105100010039,1327,3.1231980750319988
31,052,0001,0182,3105200010182,1523,3.182984967003582
31,052,0001,0197,3105200010197,2835,3.452706226511029
31,052,0001,020A,310520001020A,2997,3.4768316285122607
31,052,0001,0214,3105200010214,2499,3.3979400086720375
31,052,0001,0229,3105200010229,2692,3.4302363534115106
31,052,0001,0233,3105200010233,2668,3.4263485737875077
31,052,0001,0248,3105200010248,1189,3.0755469613925306
31,052,0001,0252,3105200010252,1341,3.1277525158329733
31,052,0001,0267,3105200010267,2231,3.348694190265541
31,052,0001,0271,3105200010271,1231,3.090610707828407
31,052,0001,0303,3105200010303,820,2.9143431571194407
31,052,0001,0318,3105200010318,0,0.0
31,052,0001,0322,3105200010322,14,1.1760912590556813
31,052,0001,0337,3105200010337,15,1.2041199826559248
31,052,0001,0341,3105200010341,0,0.0
31,052,0001,0356,3105200010356,1896,3.2780673308886628
31,052,0001,0360,3105200010360,1861,3.269979676645324
31,052,0001,0375,3105200010375,36,1.568201724066995
31,052,0001,038A,310520001038A,233,2.369215857410143
31,053,0001,0033,3105300010033,2822,3.450710878146919
31,053,0001,0071,3105300010071,1373,3.137986732723532
31,053,0001,0086,3105300010086,2349,3.3710678622717363
31,053,0001,0103,3105300010103,305,2.48572142648158
31,053,0001,0118,3105300010118,83,1.9242792860618816
31,053,0001,0122,3105300010122,41,1.6232492903979006
31,053,0001,0137,3105300010137,1331,3.1245042248342823
31,053,0001,0141,3105300010141,1038,3.016615547557177
31,053,0001,0156,3105300010156,1518,3.1815577738627865
31,053,0001,0160,3105300010160,1683,3.226342087163631
31,053,0001,0175,3105300010175,0,0.0
31,053,0001,018A,310530001018A,10,1.0413926851582251
31,054,0001,0026,3105400010026,1570,3.1961761850399735
31,054,0001,0030,3105400010030,1020,3.0090257420869104
31,055,0001,0080,3105500010080,2485,3.395501124305626
31,055,0001,0095,3105500010095,2687,3.429429264381788
31,055,0001,0108,3105500010108,94,1.9777236052888478
31,055,0001,0112,3105500010112,40,1.6127838567197355
31,055,0001,0127,3105500010127,42,1.6334684555795864
31,055,0001,0131,3105500010131,31,1.505149978319906
31,055,0001,0146,3105500010146,13,1.146128035678238
31,055,0001,0150,3105500010150,16,1.2304489213782739
31,055,0001,0165,3105500010165,4,0.6989700043360189
31,056,0001,0016,3105600010016,3004,3.4778444763387584
31,056,0001,004A,310560001004A,2775,3.4434194617828173
31,056,0001,0162,3105600010162,400,2.603144372620182
31,056,0001,0251,3105600010251,1397,3.1455071714096627
31,056,0001,0266,3105600010266,2547,3.406199423663313
31,056,0001,0270,3105600010270,2765,3.441852175773292
31,056,0001,0285,3105600010285,2488,3.3960248966085933
31,056,0001,029A,310560001029A,2327,3.3669829759778507
31,056,0001,0302,3105600010302,1670,3.2229764498933915
31,056,0001,0317,3105600010317,397,2.5998830720736876
31,056,0001,0321,3105600010321,180,2.2576785748691846
31,056,0001,0336,3105600010336,152,2.184691430817599
31,056,0001,0355,3105600010355,483,2.6848453616444123
31,056,0001,036A,310560001036A,215,2.3344537511509307
31,056,0001,0374,3105600010374,1403,3.1473671077937864
31,056,0001,0389,3105600010389,425,2.629409599102719
31,056,0001,0393,3105600010393,2242,3.350829273582968
31,056,0001,0406,3105600010406,584,2.7671558660821804
31,056,0001,0410,3105600010410,57,1.7634279935629373
31,056,0001,0425,3105600010425,226,2.3560258571931225
31,056,0001,043A,310560001043A,22,1.3617278360175928
31,056,0001,0444,3105600010444,41,1.6232492903979006
31,056,0001,0459,3105600010459,83,1.9242792860618816
31,056,0001,0463,3105600010463,36,1.568201724066995
31,056,0001,0478,3105600010478,103,2.0170333392987803
31,056,0001,0482,3105600010482,8,0.9542425094393249
31,056,0001,0497,3105600010497,10,1.0413926851582251
31,056,0001,050A,310560001050A,3,0.6020599913279624
31,056,0001,0514,3105600010514,132,2.123851640967086
31,057,0001,0117,3105700010117,1713,3.2340108175871793
31,057,0001,0121,3105700010121,629,2.7993405494535817
31,057,0001,0140,3105700010140,1667,3.22219604630172
31,057,0001,0155,3105700010155,1292,3.111598524880394
31,057,0001,016A,310570001016A,5,0.7781512503836436
31,057,0001,0174,3105700010174,12,1.1139433523068367
31,057,0001,0189,3105700010189,0,0.0
31,058,0001,0260,3105800010260,2712,3.433449793761596
31,058,0001,0275,3105800010275,2064,3.31492005599242
31,058,0001,028A,310580001028A,1955,3.291368850451583
31,058,0001,0294,3105800010294,2804,3.4479328655921804
31,058,0001,0307,3105800010307,1589,3.2013971243204513
31,058,0001,0311,3105800010311,1890,3.27669152884504
31,058,0001,0326,3105800010326,1163,3.06595298031387
31,058,0001,0330,3105800010330,1411,3.149834696715785
31,058,0001,0345,3105800010345,2001,3.3014640731433
31,058,0001,035A,310580001035A,1087,3.036628895362161
31,058,0001,0364,3105800010364,164,2.2174839442139063
31,058,0001,0379,3105800010379,459,2.662757831681574
31,058,0001,0383,3105800010383,801,2.9041743682841634
31,058,0001,0398,3105800010398,307,2.4885507165004443
31,058,0001,0400,3105800010400,71,1.8573324964312685
31,058,0001,0415,3105800010415,80,1.9084850188786497
31,058,0001,042A,310580001042A,384,2.5854607295085006
31,058,0001,0434,3105800010434,6,0.8450980400142568
31,058,0001,0449,3105800010449,165,2.220108088040055
31,058,0001,0453,3105800010453,85,1.9344984512435677
31,058,0001,0468,3105800010468,62,1.7993405494535817
31,058,0001,0472,3105800010472,138,2.143014800254095
31,058,0001,0487,3105800010487,24,1.3979400086720377
31,058,0001,0491,3105800010491,26,1.4313637641589874
31,058,0001,0504,3105800010504,8,0.9542425094393249
31,059,0001,0272,3105900010272,88,1.9493900066449128
31,059,0001,0446,3105900010446,3557,3.5512059437479064
31,059,0001,0450,3105900010450,3780,3.5776066773625357
31,059,0001,0465,3105900010465,754,2.8779469516291885
31,059,0001,047A,310590001047A,3994,3.6015167836500104
31,059,0001,0484,3105900010484,662,2.821513528404773
31,059,0001,0499,3105900010499,3151,3.498586208817518
31,059,0001,0501,3105900010501,2181,3.338854746252323
31,059,0001,0516,3105900010516,4483,3.6516656039229356
31,059,0001,0520,3105900010520,1039,3.0170333392987803
31,059,0001,0535,3105900010535,4043,3.6068111469189637
31,059,0001,0605,3105900010605,576,2.7611758131557314
31,059,0001,061A,310590001061A,640,2.8068580295188172
31,059,0001,0639,3105900010639,1625,3.2111205412580492
31,059,0001,0643,3105900010643,1218,3.0860037056183818
31,059,0001,0713,3105900010713,567,2.754348335711019
31,059,0001,0728,3105900010728,1502,3.176958980586908
31,059,0001,0732,3105900010732,1671,3.2232362731029975
31,059,0001,0747,3105900010747,1472,3.168202746842631
31,059,0001,0751,3105900010751,1681,3.2258259914618934
31,059,0001,0766,3105900010766,1755,3.244524511570084
31,059,0001,0770,3105900010770,794,2.9003671286564705
31,059,0001,0785,3105900010785,0,0.0
31,059,0001,079A,310590001079A,9,1.0
31,059,0001,0821,3105900010821,0,0.0
31,059,0001,0874,3105900010874,702,2.846955325019824
31,059,0001,0889,3105900010889,21,1.3424226808222062
31,059,0003,0164,3105900030164,123,2.093421685162235
31,059,0003,0179,3105900030179,61,1.792391689498254
31,059,0003,0183,3105900030183,240,2.3820170425748683
31,059,0003,0215,3105900030215,234,2.3710678622717363
31,059,0003,022A,310590003022A,53,1.7323937598229686
31,059,0003,054A,310590003054A,1012,3.0056094453602804
31,059,0003,0554,3105900030554,1435,3.1571544399062814
31,059,0003,0696,3105900030696,925,2.966610986681934
31,059,0003,0709,3105900030709,765,2.884228769632604
31,059,0003,0840,3105900030840,14,1.1760912590556813
31,059,0004,0253,3105900040253,1710,3.2332500095411003
31,059,0004,0268,3105900040268,201,2.305351369446624
31,059,0004,0380,3105900040380,58,1.7708520116421442
31,059,0004,0395,3105900040395,79,1.9030899869919435
31,059,0004,0408,3105900040408,42,1.6334684555795864
31,059,0004,0412,3105900040412,30,1.4913616938342726
31,059,0004,0427,3105900040427,74,1.8750612633917
31,059,0004,0431,3105900040431,218,2.3404441148401185
31,059,0004,0569,3105900040569,1633,3.2132520521963968
31,059,0004,0573,3105900040573,1793,3.2538224387080734
31,059,0004,0658,3105900040658,469,2.6720978579357175
31,059,0004,0662,3105900040662,1177,3.0711452904510828
31,059,0004,0836,3105900040836,0,0.0
31,059,0004,0855,3105900040855,0,0.0
31,059,0004,086A,310590004086A,107,2.03342375548695
31,059,0005,0893,3105900050893,1579,3.1986570869544226
31,059,0005,0906,3105900050906,1096,3.0402066275747113
31,059,0005,0910,3105900050910,91,1.9637878273455553
31,059,0005,0925,3105900050925,108,2.037426497940624
31,059,0026,0677,3105900260677,2724,3.4353665066126613
31,059,0026,0681,3105900260681,891,2.950364854376123
31,059,0026,0944,3105900260944,2540,3.4050046650503694
31,059,0026,0963,3105900260963,1206,3.081707270097349
31,060,0001,0057,3106000010057,581,2.7649229846498886
31,060,0001,0061,3106000010061,360,2.5575072019056577
31,060,0001,0076,3106000010076,28,1.462397997898956
31,060,0001,0080,3106000010080,6,0.8450980400142568
31,061,0001,0054,3106100010054,2493,3.396896449142524
31,062,0001,0066,3106200010066,2261,3.3544926005894364
31,062,0001,0070,3106200010070,1603,3.2052043639481447
31,062,0001,0085,3106200010085,60,1.7853298350107671
31,062,0001,009A,310620001009A,11,1.0791812460476249
31,062,0001,0102,3106200010102,52,1.724275869600789
31,062,0001,0117,3106200010117,0,0.0
31,062,0001,0121,3106200010121,8,0.9542425094393249
31,062,0001,0136,3106200010136,4,0.6989700043360189
31,063,0001,0044,3106300010044,1542,3.188365926063148
31,063,0001,0059,3106300010059,1711,3.2335037603411343
31,063,0001,0082,3106300010082,99,2.0
31,064,0001,0022,3106400010022,806,2.90687353472207
31,064,0001,0037,3106400010037,860,2.935003151453655
31,064,0001,0094,3106400010094,6,0.8450980400142568
31,064,0001,0107,3106400010107,19,1.3010299956639813
31,064,0001,0111,3106400010111,10,1.0413926851582251
31,064,0001,0126,3106400010126,0,0.0
31,065,0001,0072,3106500010072,2069,3.315970345456918
31,066,0001,0135,3106600010135,1798,3.2550311633455515
31,066,0001,014A,310660001014A,1916,3.2826221128780624
31,066,0001,0154,3106600010154,13,1.146128035678238
31,066,0001,0169,3106600010169,11,1.0791812460476249
31,066,0001,0173,3106600010173,29,1.4771212547196624
31,067,0001,0062,3106700010062,3931,3.594613509160098
31,067,0001,0077,3106700010077,39,1.6020599913279623
31,067,0001,0081,3106700010081,2521,3.401745082237063
31,067,0001,0096,3106700010096,2565,3.4092566520389096
31,067,0001,0109,3106700010109,38,1.591064607026499
31,067,0001,0113,3106700010113,42,1.6334684555795864
31,067,0001,0128,3106700010128,5,0.7781512503836436
31,068,0001,0055,3106800010055,1259,3.100370545117563
31,068,0001,006A,310680001006A,1315,3.1192558892779365
31,068,0001,0074,3106800010074,12,1.1139433523068367
31,069,0001,0090,3106900010090,1191,3.076276255404218
31,069,0001,0103,3106900010103,1275,3.1058506743851435
31,069,0001,0118,3106900010118,1494,3.1746411926604483
31,069,0001,0122,3106900010122,1609,3.2068258760318495
31,069,0001,0207,3106900010207,45,1.662757831681574
31,069,0001,0226,3106900010226,6,0.8450980400142568
31,069,0001,0230,3106900010230,14,1.1760912590556813
31,069,0001,0245,3106900010245,82,1.919078092376074
31,069,0001,025A,310690001025A,42,1.6334684555795864
31,070,0001,0087,3107000010087,594,2.7745169657285498
31,070,0001,0091,3107000010091,668,2.8254261177678233
31,070,0001,0104,3107000010104,371,2.5705429398818973
31,070,0001,0119,3107000010119,1055,3.0236639181977933
31,070,0001,0123,3107000010123,1070,3.029789470831856
31,070,0001,0138,3107000010138,1,0.3010299956639812
31,070,0001,0142,3107000010142,69,1.845098040014257
31,070,0001,0157,3107000010157,27,1.4471580313422192
31,071,0001,0031,3107100010031,685,2.8363241157067516
31,071,0001,0046,3107100010046,759,2.8808135922807914
31,072,0001,0024,3107200010024,893,2.951337518795918
31,072,0001,0039,3107200010039,936,2.971739590887778
31,072,0001,0058,3107200010058,18,1.2787536009528289
31,073,0001,0040,3107300010040,2382,3.377124042346456
31,073,0001,0055,3107300010055,2192,3.341038631677523
31,073,0001,0093,3107300010093,160,2.2068258760318495
31,073,0001,0106,3107300010106,126,2.103803720955957
31,073,0001,0110,3107300010110,25,1.414973347970818
31,073,0001,0125,3107300010125,29,1.4771212547196624
31,073,0001,013A,310730001013A,49,1.6989700043360187
31,074,0001,0052,3107400010052,1668,3.222456336679247
31,074,0001,0067,3107400010067,1982,3.2973227142053028
31,074,0001,0071,3107400010071,4,0.6989700043360189
31,075,0001,0045,3107500010045,3542,3.549371152333177
31,075,0001,005A,310750001005A,3050,3.484442207642407
31,075,0001,0079,3107500010079,197,2.296665190261531
31,075,0001,0083,3107500010083,101,2.0086001717619175
31,076,0001,0080,3107600010080,4117,3.6146863422820124
31,076,0001,0095,3107600010095,5044,3.7028611705729295
31,076,0001,0108,3107600010108,107,2.03342375548695
31,076,0001,0112,3107600010112,186,2.271841606536499
31,076,0001,0127,3107600010127,487,2.6884198220027105
31,076,0001,0131,3107600010131,76,1.8864907251724818
31,077,0001,0020,3107700010020,661,2.8208579894397
31,077,0001,0035,3107700010035,976,2.989894563718773
31,077,0001,004A,310770001004A,970,2.9872192299080047
31,077,0001,0073,3107700010073,38,1.591064607026499
31,078,0001,0032,3107800010032,977,2.9903388547876015
31,078,0001,0047,3107800010047,506,2.705007959333336
31,078,0001,0066,3107800010066,419,2.6232492903979003
31,078,0001,0085,3107800010085,428,2.6324572921847245
31,078,0001,009A,310780001009A,786,2.8959747323590648
31,078,0001,0102,3107800010102,27,1.4471580313422192
31,079,0001,0025,3107900010025,3092,3.490379920003179
31,079,0001,0468,3107900010468,1999,3.3010299956639813
31,079,0001,0472,3107900010472,2831,3.4520932490177314
31,079,0001,0487,3107900010487,2763,3.441538038702161
31,079,0001,0491,3107900010491,1564,3.194514341882467
31,079,0001,0504,3107900010504,2243,3.3510228525841237
31,079,0001,0519,3107900010519,1410,3.149527013754348
31,079,0001,0523,3107900010523,1730,3.238297067875394
31,079,0001,0538,3107900010538,1488,3.1728946977521764
31,079,0001,0542,3107900010542,4051,3.607669436688243
31,079,0001,0557,3107900010557,2917,3.4650852875574327
31,079,0001,0580,3107900010580,816,2.9122220565324155
31,079,0001,0595,3107900010595,419,2.6232492903979003
31,079,0001,0612,3107900010612,119,2.0791812460476247
31,079,0001,0627,3107900010627,648,2.812244696800369
31,079,0001,0631,3107900010631,18,1.2787536009528289
31,079,0001,0646,3107900010646,120,2.0827853703164503
31,079,0001,0650,3107900010650,56,1.7558748556724915
31,079,0001,067A,310790001067A,65,1.8195439355418688
31,079,0001,0720,3107900010720,63,1.806179973983887
31,079,0001,0735,3107900010735,35,1.5563025007672873
31,079,0001,074A,310790001074A,14,1.1760912590556813
31,079,0010,0684,3107900100684,1899,3.278753600952829
31,079,0010,0699,3107900100699,1394,3.144574207609616
31,079,0010,0754,3107900100754,4,0.6989700043360189
31,079,0010,0769,3107900100769,30,1.4913616938342726
31,080,0001,0098,3108000010098,2804,3.4479328655921804
31,080,0001,0100,3108000010100,3298,3.518382315545344
31,080,0001,0115,3108000010115,1769,3.247973266361807
31,080,0001,012A,310800001012A,2976,3.473778834646725
31,080,0001,0134,3108000010134,61,1.792391689498254
31,080,0001,0149,3108000010149,27,1.4471580313422192
31,080,0001,0153,3108000010153,13,1.146128035678238
31,080,0001,0168,3108000010168,46,1.6720978579357175
31,080,0001,0172,3108000010172,15,1.2041199826559248
31,080,0001,0187,3108000010187,6,0.8450980400142568
31,081,0001,0061,3108100010061,134,2.130333768495006
31,081,0001,0076,3108100010076,1223,3.087781417809542
31,081,0001,0080,3108100010080,1428,3.1550322287909704
31,082,0001,004A,310820001004A,714,2.8543060418010806
31,082,0001,0054,3108200010054,1682,3.226084115975824
31,082,0001,0069,3108200010069,1077,3.03261876085072
31,082,0001,0073,3108200010073,23,1.380211241711606
31,083,0001,0028,3108300010028,112,2.0530784434834195
31,083,0001,0032,3108300010032,347,2.5415792439465807
31,083,0001,0047,3108300010047,394,2.59659709562646
31,083,0001,0051,3108300010051,353,2.5490032620257876
31,083,0001,0066,3108300010066,288,2.4608978427565478
31,083,0001,0085,3108300010085,2,0.47712125471966244
31,083,0001,009A,310830001009A,71,1.8573324964312685
31,083,0001,0102,3108300010102,29,1.4771212547196624
31,083,0001,0117,3108300010117,237,2.376576957056512
31,083,0001,0121,3108300010121,72,1.863322860120456
31,083,0001,0136,3108300010136,4,0.6989700043360189
31,083,0001,0140,3108300010140,0,0.0
31,083,0001,0155,3108300010155,4,0.6989700043360189
31,084,0001,0082,3108400010082,1542,3.188365926063148
31,084,0001,0097,3108400010097,1500,3.1763806922432702
31,084,0001,010A,310840001010A,1756,3.244771761495295
31,084,0001,0114,3108400010114,1672,3.2234959409623944
31,084,0001,0129,3108400010129,2,0.47712125471966244
31,085,0001,0200,3108500010200,3916,3.592953571547866
31,085,0001,0215,3108500010215,3198,3.505014240084107
31,085,0001,022A,310850001022A,146,2.167317334748176
31,085,0001,0234,3108500010234,82,1.919078092376074
31,085,0001,0272,3108500010272,23,1.380211241711606
31,085,0021,0249,3108500210249,2003,3.301897717195208
31,085,0021,0253,3108500210253,1477,3.1696744340588068
31,085,0021,0268,3108500210268,69,1.845098040014257
31,086,0001,0034,3108600010034,907,2.958085848521085
31,086,0001,0068,3108600010068,98,1.99563519459755
31,086,0001,0072,3108600010072,103,2.0170333392987803
31,086,0001,0087,3108600010087,539,2.7323937598229686
31,086,0001,0091,3108600010091,280,2.44870631990508
31,086,0001,0104,3108600010104,9,1.0
31,086,0001,0119,3108600010119,6,0.8450980400142568
31,087,0001,0065,3108700010065,1209,3.0827853703164503
31,087,0001,007A,310870001007A,1648,3.217220655644519
31,087,0001,0084,3108700010084,1284,3.1089031276673134
31,087,0001,0099,3108700010099,133,2.1271047983648077
31,087,0001,0101,3108700010101,56,1.7558748556724915
31,087,0001,0116,3108700010116,53,1.7323937598229686
31,087,0001,0120,3108700010120,118,2.0755469613925306
31,087,0001,0135,3108700010135,49,1.6989700043360187
31,088,0001,0043,3108800010043,748,2.8744818176994666
31,088,0001,0058,3108800010058,1169,3.0681858617461617
31,089,0001,013A,310890001013A,3812,3.5812668052736707
31,089,0001,0159,3108900010159,4910,3.691169934131604
31,089,0001,0163,3108900010163,1967,3.2940250940953226
31,089,0001,0178,3108900010178,4335,3.6370892735303304
31,089,0001,0182,3108900010182,4162,3.619406410886777
31,089,0001,0214,3108900010214,1255,3.0989896394011773
31,089,0001,0229,3108900010229,781,2.893206753059848
31,089,0001,0233,3108900010233,183,2.2648178230095364
31,089,0001,0248,3108900010248,386,2.5877109650189114
31,089,0001,0252,3108900010252,129,2.113943352306837
31,089,0001,0267,3108900010267,82,1.919078092376074
31,089,0001,0271,3108900010271,3109,3.4927603890268375
31,089,0001,0286,3108900010286,2700,3.431524584187451
31,089,0001,0290,3108900010290,187,2.27415784926368
31,089,0001,0303,3108900010303,263,2.4216039268698313
31,089,0001,0318,3108900010318,2715,3.433929765608464
31,089,0001,0322,3108900010322,3938,3.5953859808091417
31,089,0001,0337,3108900010337,122,2.089905111439398
31,089,0001,0341,3108900010341,88,1.9493900066449128
31,089,0001,0356,3108900010356,59,1.7781512503836436
31,089,0007,0055,3108900070055,2624,3.4191293077419758
31,089,0014,006A,310890014006A,1154,3.062581984228163
31,089,0014,0074,3108900140074,1415,3.15106325335375
31,090,0001,0037,3109000010037,1706,3.2322335211147335
31,090,0001,0041,3109000010041,2493,3.396896449142524
31,090,0001,0060,3109000010060,5,0.7781512503836436
31,091,0001,0068,3109100010068,858,2.9339931638312424
31,091,0001,0072,3109100010072,941,2.9740509027928774
31,091,0001,0180,3109100010180,87,1.9444826721501687
31,091,0001,0231,3109100010231,43,1.6434526764861874
31,091,0006,0138,3109100060138,1615,3.208441356438567
31,091,0006,0142,3109100060142,2244,3.351216345339342
31,091,0006,0157,3109100060157,38,1.591064607026499
31,091,0006,0161,3109100060161,246,2.392696953259666
31,091,0006,0176,3109100060176,247,2.3944516808262164
31,091,0006,0195,3109100060195,621,2.7937903846908188
31,091,0006,0208,3109100060208,1319,3.12057393120585
31,091,0006,0212,3109100060212,59,1.7781512503836436
31,091,0006,0227,3109100060227,63,1.806179973983887
31,091,0006,0246,3109100060246,23,1.380211241711606
31,091,0006,0250,3109100060250,9,1.0
31,091,0006,0265,3109100060265,0,0.0
31,091,0006,027A,310910006027A,5,0.7781512503836436
31,091,0006,0299,3109100060299,7,0.9030899869919435
31,092,0001,0116,3109200010116,2326,3.36679638328673
31,092,0001,0120,3109200010120,1808,3.257438566859814
31,092,0001,0135,3109200010135,35,1.5563025007672873
31,092,0001,014A,310920001014A,5,0.7781512503836436
31,093,0001,0043,3109300010043,2937,3.4680517914542377
31,093,0001,0077,3109300010077,2591,3.413634997198556
31,093,0001,0132,3109300010132,2421,3.3841741388070337
31,093,0001,0147,3109300010147,1281,3.1078880251827985
31,093,0001,0151,3109300010151,1705,3.231979026831504
31,093,0001,0166,3109300010166,938,2.972665592266111
31,093,0001,0170,3109300010170,16,1.2304489213782739
31,093,0001,0185,3109300010185,15,1.2041199826559248
31,094,0001,0036,3109400010036,1440,3.1586639808139894
31,094,0001,0040,3109400010040,1255,3.0989896394011773
31,094,0001,0074,3109400010074,39,1.6020599913279623
31,094,0001,0089,3109400010089,24,1.3979400086720377
31,094,0001,0093,3109400010093,28,1.462397997898956
31,095,0001,0052,3109500010052,1510,3.1792644643390253
31,095,0001,0067,3109500010067,2040,3.3098430047160705
31,095,0001,0071,3109500010071,150,2.1789769472931693
31,095,0001,0086,3109500010086,23,1.380211241711606
31,096,0001,0011,3109600010011,3887,3.589726256254237
31,096,0001,0026,3109600010026,3903,3.591509808994654
31,096,0001,0030,3109600010030,3626,3.5595475555804343
31,096,0001,0045,3109600010045,2692,3.4302363534115106
31,096,0001,0435,3109600010435,2724,3.4353665066126613
31,096,0001,0774,3109600010774,2438,3.3872118003137306
31,096,0001,0789,3109600010789,975,2.9894498176666917
31,096,0001,0793,3109600010793,56,1.7558748556724915
31,096,0001,0863,3109600010863,2666,3.4260230156898763
31,096,0001,0878,3109600010878,3108,3.492620722043192
31,096,0001,0882,3109600010882,1988,3.2986347831244354
31,096,0001,0897,3109600010897,2414,3.382917135087531
31,096,0001,090A,310960001090A,2516,3.4008832155483626
31,096,0001,0914,3109600010914,2595,3.4143046881283317
31,096,0001,0929,3109600010929,1458,3.1640552918934515
31,096,0001,0933,3109600010933,1891,3.276921132065774
31,096,0001,0948,3109600010948,1809,3.2576785748691846
31,096,0001,0952,3109600010952,2797,3.446847710155809
31,096,0001,0967,3109600010967,1560,3.1934029030624176
31,096,0001,0971,3109600010971,2767,3.44216608578472
31,096,0001,0986,3109600010986,1535,3.186391215695493
31,096,0001,0990,3109600010990,459,2.662757831681574
31,096,0001,1109,3109600011109,0,0.0
31,096,0001,1113,3109600011113,890,2.949877704036875
31,096,0001,1132,3109600011132,396,2.598790506763115
31,096,0001,1147,3109600011147,280,2.44870631990508
31,096,0001,1151,3109600011151,408,2.611723308007342
31,096,0001,119A,310960001119A,485,2.6866362692622934
31,096,0001,1202,3109600011202,98,1.99563519459755
31,096,0001,1217,3109600011217,33,1.5314789170422551
31,096,0001,1221,3109600011221,39,1.6020599913279623
31,096,0001,1236,3109600011236,64,1.8129133566428555
31,096,0001,1240,3109600011240,36,1.568201724066995
31,096,0034,1170,3109600341170,1577,3.1981069988734014
31,096,0034,1185,3109600341185,1927,3.285107029566812
31,096,0509,0079,3109605090079,950,2.978180516937414
31,096,0509,0083,3109605090083,1637,3.2143138974244
31,097,0001,0038,3109700010038,52,1.724275869600789
31,097,0001,0108,3109700010108,319,2.505149978319906
31,097,0001,0112,3109700010112,418,2.622214022966295
31,097,0001,0127,3109700010127,1023,3.010299956639812
31,097,0001,0131,3109700010131,1192,3.076640443670342
31,098,0001,0105,3109800010105,1737,3.2400497721126476
31,098,0001,0209,3109800010209,184,2.2671717284030137
31,098,0001,0213,3109800010213,1417,3.151676230847048
31,098,0001,0228,3109800010228,1319,3.12057393120585
31,098,0001,0232,3109800010232,1125,3.0515383905153275
31,098,0001,0247,3109800010247,1261,3.1010593549081156
31,098,0001,0251,3109800010251,1565,3.1947917577219247
31,098,0001,0266,3109800010266,1593,3.2024883170600935
31,098,0001,0270,3109800010270,678,2.8318697742805017
31,099,0001,0032,3109900010032,1432,3.1562461903973444
31,099,0001,0047,3109900010047,1970,3.2946866242794433
31,099,0001,0066,3109900010066,58,1.7708520116421442
31,100,0001,0054,3110000010054,71,1.8573324964312685
31,100,0001,0069,3110000010069,90,1.9590413923210936
31,100,0001,0073,3110000010073,1121,3.0499928569201424
31,100,0001,0088,3110000010088,1797,3.25478968739721
31,100,0001,0092,3110000010092,14,1.1760912590556813
31,100,0001,0105,3110000010105,26,1.4313637641589874
31,101,0001,0189,3110100010189,5502,3.7405995128111567
31,101,0001,0193,3110100010193,3222,3.5082603055123345
31,101,0001,0206,3110100010206,4111,3.614053105987219
31,101,0001,0210,3110100010210,3880,3.588943642740015
31,101,0001,0225,3110100010225,2065,3.315130317183602
31,101,0001,023A,311010001023A,2213,3.345177616542704
31,101,0001,030A,311010001030A,360,2.5575072019056577
31,101,0001,0314,3110100010314,1414,3.150756439860309
31,101,0001,0329,3110100010329,100,2.0043213737826426
31,101,0001,0333,3110100010333,3248,3.511749711344983
31,101,0001,0348,3110100010348,3627,3.5596672783880576
31,101,0001,0352,3110100010352,96,1.9867717342662448
31,101,0001,0386,3110100010386,331,2.5211380837040362
31,101,0001,0390,3110100010390,168,2.2278867046136734
31,101,0001,0403,3110100010403,1658,3.219846386024361
31,101,0001,0418,3110100010418,55,1.7481880270062005
31,101,0001,0422,3110100010422,166,2.2227164711475833
31,101,0001,0437,3110100010437,553,2.74350976472843
31,101,0001,0441,3110100010441,1610,3.207095540419218
31,101,0001,0456,3110100010456,429,2.6334684555795866
31,101,0001,0460,3110100010460,4758,3.6775157047987577
31,101,0001,0475,3110100010475,2041,3.3100557377508912
31,101,0001,048A,311010001048A,0,0.0
31,101,0001,0494,3110100010494,2180,3.3386556655787003
31,101,0001,0507,3110100010507,2637,3.4212747912103465
31,101,0001,0511,3110100010511,51,1.7160033436347992
31,101,0001,0526,3110100010526,124,2.0969100130080562
31,101,0001,0545,3110100010545,938,2.972665592266111
31,101,0001,055A,311010001055A,6199,3.792391689498254
31,101,0001,0564,3110100010564,2130,3.328583449714202
31,101,0001,0579,3110100010579,403,2.606381365110605
31,101,0001,0583,3110100010583,140,2.1492191126553797
31,102,0001,0241,3110200010241,1525,3.1835545336188615
31,102,0001,0326,3110200010326,3106,3.4923412532549745
31,102,0001,0330,3110200010330,2533,3.4038066105474227
31,102,0001,0345,3110200010345,1600,3.2043913319193
31,102,0001,035A,311020001035A,2193,3.3412366232386925
31,102,0001,0364,3110200010364,1467,3.166726055580052
31,102,0001,0379,3110200010379,2017,3.3049211619008916
31,102,0001,0383,3110200010383,2181,3.338854746252323
31,102,0001,0398,3110200010398,3497,3.543819805142658
31,102,0001,0400,3110200010400,3068,3.4869968884318228
31,102,0001,0415,3110200010415,2550,3.40671045860979
31,102,0001,042A,311020001042A,3022,3.480438147177817
31,102,0001,0434,3110200010434,2639,3.4216039268698313
31,102,0001,0449,3110200010449,3521,3.5467893516312583
31,102,0001,0453,3110200010453,1128,3.052693941924968
31,102,0001,0487,3110200010487,1899,3.278753600952829
31,102,0001,0491,3110200010491,601,2.7795964912578244
31,102,0001,0519,3110200010519,217,2.3384564936046046
31,102,0001,0542,3110200010542,173,2.2405492482826
31,102,0001,0557,3110200010557,284,2.45484486000851
31,102,0001,0561,3110200010561,2049,3.311753861055754
31,102,0001,0576,3110200010576,2579,3.41161970596323
31,102,0001,0580,3110200010580,2407,3.381656482585787
31,102,0001,0595,3110200010595,3381,3.529173603261723
31,102,0001,0608,3110200010608,2369,3.374748346010104
31,102,0001,0650,3110200010650,854,2.931966114728173
31,102,0001,0665,3110200010665,0,0.0
31,102,0001,067A,311020001067A,16,1.2304489213782739
31,102,0001,0684,3110200010684,772,2.888179493918325
31,102,0001,0716,3110200010716,455,2.658964842664435
31,102,0001,0720,3110200010720,55,1.7481880270062005
31,102,0001,0735,3110200010735,1335,3.125806458139527
31,102,0001,074A,311020001074A,0,0.0
31,102,0001,0754,3110200010754,329,2.5185139398778875
31,102,0001,0769,3110200010769,635,2.803457115648414
31,102,0001,0773,3110200010773,37,1.5797835966168101
31,102,0055,0631,3110200550631,1250,3.09725730969342
31,102,0055,0646,3110200550646,2286,3.3592661646067485
31,102,0055,0699,3110200550699,43,1.6434526764861874
31,102,0077,0523,3110200770523,2838,3.4531653925258574
31,102,0077,0538,3110200770538,2122,3.326949994165999
31,102,0174,0059,3110201740059,2816,3.4497868469857735
31,102,0188,0612,3110201880612,1844,3.265996370495079
31,102,0188,0627,3110201880627,1203,3.0806264869218056
31,102,0188,0701,3110201880701,5,0.7781512503836436
31,103,0001,0041,3110300010041,1691,3.228400358703005
31,103,0001,0056,3110300010056,1562,3.193958978019187
31,103,0001,0060,3110300010060,25,1.414973347970818
31,103,0001,0075,3110300010075,118,2.0755469613925306
31,103,0001,008A,311030001008A,51,1.7160033436347992
31,104,0001,0157,3110400010157,1468,3.1670217957902564
31,104,0001,0161,3110400010161,1832,3.2631624649622166
31,104,0001,0320,3110400010320,10,1.0413926851582251
31,104,0052,0015,3110400520015,1086,3.0362295440862948
31,104,0052,002A,311040052002A,823,2.9159272116971158
31,104,0052,0034,3110400520034,700,2.8457180179666586
31,105,0001,0027,3110500010027,653,2.815577748324267
31,105,0001,0031,3110500010031,911,2.959994838328416
31,105,0001,0046,3110500010046,1579,3.1986570869544226
31,105,0001,0065,3110500010065,54,1.7403626894942439
31,106,0001,0043,3110600010043,1020,3.0090257420869104
31,106,0001,0058,3110600010058,845,2.9273703630390235
31,106,0001,0077,3110600010077,11,1.0791812460476249
